subject,age,sex,handedness,age_group,recording
001,60,F,right,old,sub-001/ses-1/eeg/sub-001_ses-1_task-EyesClosed_acq-pre_eeg.edf
002,67,M,right,old,sub-002/ses-1/eeg/sub-002_ses-1_task-EyesClosed_acq-pre_eeg.edf
004,24,F,right,young,sub-004/ses-1/eeg/sub-004_ses-1_task-EyesClosed_acq-pre_eeg.edf
006,57,F,right,old,sub-006/ses-1/eeg/sub-006_ses-1_task-EyesClosed_acq-pre_eeg.edf
007,24,F,right,young,sub-007/ses-1/eeg/sub-007_ses-1_task-EyesClosed_acq-pre_eeg.edf
010,23,F,right,young,sub-010/ses-1/eeg/sub-010_ses-1_task-EyesClosed_acq-pre_eeg.edf
012,33,M,right,young,sub-012/ses-1/eeg/sub-012_ses-1_task-EyesClosed_acq-pre_eeg.edf
014,64,M,right,old,sub-014/ses-1/eeg/sub-014_ses-1_task-EyesClosed_acq-pre_eeg.edf
015,61,F,right,old,sub-015/ses-1/eeg/sub-015_ses-1_task-EyesClosed_acq-pre_eeg.edf
016,32,M,right,young,sub-016/ses-1/eeg/sub-016_ses-1_task-EyesClosed_acq-pre_eeg.edf
018,20,F,right,young,sub-018/ses-1/eeg/sub-018_ses-1_task-EyesClosed_acq-pre_eeg.edf
020,68,M,right,old,sub-020/ses-1/eeg/sub-020_ses-1_task-EyesClosed_acq-pre_eeg.edf
021,23,F,left,young,sub-021/ses-1/eeg/sub-021_ses-1_task-EyesClosed_acq-pre_eeg.edf
022,60,M,right,old,sub-022/ses-1/eeg/sub-022_ses-1_task-EyesClosed_acq-pre_eeg.edf
023,31,F,right,young,sub-023/ses-1/eeg/sub-023_ses-1_task-EyesClosed_acq-pre_eeg.edf
025,26,F,left,young,sub-025/ses-1/eeg/sub-025_ses-1_task-EyesClosed_acq-pre_eeg.edf
026,59,F,right,old,sub-026/ses-1/eeg/sub-026_ses-1_task-EyesClosed_acq-pre_eeg.edf
030,62,F,right,old,sub-030/ses-1/eeg/sub-030_ses-1_task-EyesClosed_acq-pre_eeg.edf
031,26,F,right,young,sub-031/ses-1/eeg/sub-031_ses-1_task-EyesClosed_acq-pre_eeg.edf
032,20,F,right,young,sub-032/ses-1/eeg/sub-032_ses-1_task-EyesClosed_acq-pre_eeg.edf
033,32,M,right,young,sub-033/ses-1/eeg/sub-033_ses-1_task-EyesClosed_acq-pre_eeg.edf
036,53,F,left,old,sub-036/ses-1/eeg/sub-036_ses-1_task-EyesClosed_acq-pre_eeg.edf
037,30,M,right,young,sub-037/ses-1/eeg/sub-037_ses-1_task-EyesClosed_acq-pre_eeg.edf
039,55,M,right,old,sub-039/ses-1/eeg/sub-039_ses-1_task-EyesClosed_acq-pre_eeg.edf
041,53,M,right,old,sub-041/ses-1/eeg/sub-041_ses-1_task-EyesClosed_acq-pre_eeg.edf
042,22,F,right,young,sub-042/ses-1/eeg/sub-042_ses-1_task-EyesClosed_acq-pre_eeg.edf
044,27,F,right,young,sub-044/ses-1/eeg/sub-044_ses-1_task-EyesClosed_acq-pre_eeg.edf
047,67,M,right,old,sub-047/ses-1/eeg/sub-047_ses-1_task-EyesClosed_acq-pre_eeg.edf
048,53,M,right,old,sub-048/ses-1/eeg/sub-048_ses-1_task-EyesClosed_acq-pre_eeg.edf
049,67,F,right,old,sub-049/ses-1/eeg/sub-049_ses-1_task-EyesClosed_acq-pre_eeg.edf
050,59,F,right,old,sub-050/ses-1/eeg/sub-050_ses-1_task-EyesClosed_acq-pre_eeg.edf
051,58,F,right,old,sub-051/ses-1/eeg/sub-051_ses-1_task-EyesClosed_acq-pre_eeg.edf
052,59,F,right,old,sub-052/ses-1/eeg/sub-052_ses-1_task-EyesClosed_acq-pre_eeg.edf
054,31,M,right,young,sub-054/ses-1/eeg/sub-054_ses-1_task-EyesClosed_acq-pre_eeg.edf
056,52,F,right,old,sub-056/ses-1/eeg/sub-056_ses-1_task-EyesClosed_acq-pre_eeg.edf
057,67,F,right,old,sub-057/ses-1/eeg/sub-057_ses-1_task-EyesClosed_acq-pre_eeg.edf
058,62,F,right,old,sub-058/ses-1/eeg/sub-058_ses-1_task-EyesClosed_acq-pre_eeg.edf
059,60,M,right,old,sub-059/ses-1/eeg/sub-059_ses-1_task-EyesClosed_acq-pre_eeg.edf
062,31,M,right,young,sub-062/ses-1/eeg/sub-062_ses-1_task-EyesClosed_acq-pre_eeg.edf
063,27,M,right,young,sub-063/ses-1/eeg/sub-063_ses-1_task-EyesClosed_acq-pre_eeg.edf
066,33,F,right,young,sub-066/ses-1/eeg/sub-066_ses-1_task-EyesClosed_acq-pre_eeg.edf
067,20,F,right,young,sub-067/ses-1/eeg/sub-067_ses-1_task-EyesClosed_acq-pre_eeg.edf
070,70,M,right,old,sub-070/ses-1/eeg/sub-070_ses-1_task-EyesClosed_acq-pre_eeg.edf
071,64,F,right,old,sub-071/ses-1/eeg/sub-071_ses-1_task-EyesClosed_acq-pre_eeg.edf
072,33,F,right,young,sub-072/ses-1/eeg/sub-072_ses-1_task-EyesClosed_acq-pre_eeg.edf
074,56,F,,old,sub-074/ses-1/eeg/sub-074_ses-1_task-EyesClosed_acq-pre_eeg.edf
075,56,F,right,old,sub-075/ses-1/eeg/sub-075_ses-1_task-EyesClosed_acq-pre_eeg.edf
076,56,M,right,old,sub-076/ses-1/eeg/sub-076_ses-1_task-EyesClosed_acq-pre_eeg.edf
077,64,M,right,old,sub-077/ses-1/eeg/sub-077_ses-1_task-EyesClosed_acq-pre_eeg.edf
079,33,F,right,young,sub-079/ses-1/eeg/sub-079_ses-1_task-EyesClosed_acq-pre_eeg.edf
080,64,F,left,old,sub-080/ses-1/eeg/sub-080_ses-1_task-EyesClosed_acq-pre_eeg.edf
082,26,F,right,young,sub-082/ses-1/eeg/sub-082_ses-1_task-EyesClosed_acq-pre_eeg.edf
083,62,F,right,old,sub-083/ses-1/eeg/sub-083_ses-1_task-EyesClosed_acq-pre_eeg.edf
084,28,F,right,young,sub-084/ses-1/eeg/sub-084_ses-1_task-EyesClosed_acq-pre_eeg.edf
085,22,F,right,young,sub-085/ses-1/eeg/sub-085_ses-1_task-EyesClosed_acq-pre_eeg.edf
086,31,F,right,young,sub-086/ses-1/eeg/sub-086_ses-1_task-EyesClosed_acq-pre_eeg.edf
089,31,M,right,young,sub-089/ses-1/eeg/sub-089_ses-1_task-EyesClosed_acq-pre_eeg.edf
090,60,F,right,old,sub-090/ses-1/eeg/sub-090_ses-1_task-EyesClosed_acq-pre_eeg.edf
091,27,M,right,young,sub-091/ses-1/eeg/sub-091_ses-1_task-EyesClosed_acq-pre_eeg.edf
093,54,F,right,old,sub-093/ses-1/eeg/sub-093_ses-1_task-EyesClosed_acq-pre_eeg.edf
095,54,F,right,old,sub-095/ses-1/eeg/sub-095_ses-1_task-EyesClosed_acq-pre_eeg.edf
096,27,F,right,young,sub-096/ses-1/eeg/sub-096_ses-1_task-EyesClosed_acq-pre_eeg.edf
097,53,F,right,old,sub-097/ses-1/eeg/sub-097_ses-1_task-EyesClosed_acq-pre_eeg.edf
098,59,F,right,old,sub-098/ses-1/eeg/sub-098_ses-1_task-EyesClosed_acq-pre_eeg.edf
099,20,F,right,young,sub-099/ses-1/eeg/sub-099_ses-1_task-EyesClosed_acq-pre_eeg.edf
100,65,M,right,old,sub-100/ses-1/eeg/sub-100_ses-1_task-EyesClosed_acq-pre_eeg.edf
102,28,F,right,young,sub-102/ses-1/eeg/sub-102_ses-1_task-EyesClosed_acq-pre_eeg.edf
103,23,M,right,young,sub-103/ses-1/eeg/sub-103_ses-1_task-EyesClosed_acq-pre_eeg.edf
104,63,M,right,old,sub-104/ses-1/eeg/sub-104_ses-1_task-EyesClosed_acq-pre_eeg.edf
105,22,F,right,young,sub-105/ses-1/eeg/sub-105_ses-1_task-EyesClosed_acq-pre_eeg.edf
106,66,F,right,old,sub-106/ses-1/eeg/sub-106_ses-1_task-EyesClosed_acq-pre_eeg.edf
108,57,F,right,old,sub-108/ses-1/eeg/sub-108_ses-1_task-EyesClosed_acq-pre_eeg.edf
110,26,M,right,young,sub-110/ses-1/eeg/sub-110_ses-1_task-EyesClosed_acq-pre_eeg.edf
111,67,M,right,old,sub-111/ses-1/eeg/sub-111_ses-1_task-EyesClosed_acq-pre_eeg.edf
112,70,F,right,old,sub-112/ses-1/eeg/sub-112_ses-1_task-EyesClosed_acq-pre_eeg.edf
114,27,M,right,young,sub-114/ses-1/eeg/sub-114_ses-1_task-EyesClosed_acq-pre_eeg.edf
115,59,F,right,old,sub-115/ses-1/eeg/sub-115_ses-1_task-EyesClosed_acq-pre_eeg.edf
117,59,M,left,old,sub-117/ses-1/eeg/sub-117_ses-1_task-EyesClosed_acq-pre_eeg.edf
118,30,F,right,young,sub-118/ses-1/eeg/sub-118_ses-1_task-EyesClosed_acq-pre_eeg.edf
119,54,F,right,old,sub-119/ses-1/eeg/sub-119_ses-1_task-EyesClosed_acq-pre_eeg.edf
120,70,M,right,old,sub-120/ses-1/eeg/sub-120_ses-1_task-EyesClosed_acq-pre_eeg.edf
121,21,F,right,young,sub-121/ses-1/eeg/sub-121_ses-1_task-EyesClosed_acq-pre_eeg.edf
124,62,M,right,old,sub-124/ses-1/eeg/sub-124_ses-1_task-EyesClosed_acq-pre_eeg.edf
125,70,M,right,old,sub-125/ses-1/eeg/sub-125_ses-1_task-EyesClosed_acq-pre_eeg.edf
126,70,F,right,old,sub-126/ses-1/eeg/sub-126_ses-1_task-EyesClosed_acq-pre_eeg.edf
128,30,M,right,young,sub-128/ses-1/eeg/sub-128_ses-1_task-EyesClosed_acq-pre_eeg.edf
130,25,M,right,young,sub-130/ses-1/eeg/sub-130_ses-1_task-EyesClosed_acq-pre_eeg.edf
131,65,F,right,old,sub-131/ses-1/eeg/sub-131_ses-1_task-EyesClosed_acq-pre_eeg.edf
132,56,M,right,old,sub-132/ses-1/eeg/sub-132_ses-1_task-EyesClosed_acq-pre_eeg.edf
133,68,F,right,old,sub-133/ses-1/eeg/sub-133_ses-1_task-EyesClosed_acq-pre_eeg.edf
134,24,F,right,young,sub-134/ses-1/eeg/sub-134_ses-1_task-EyesClosed_acq-pre_eeg.edf
135,53,M,right,old,sub-135/ses-1/eeg/sub-135_ses-1_task-EyesClosed_acq-pre_eeg.edf
136,24,F,right,young,sub-136/ses-1/eeg/sub-136_ses-1_task-EyesClosed_acq-pre_eeg.edf
139,67,M,right,old,sub-139/ses-1/eeg/sub-139_ses-1_task-EyesClosed_acq-pre_eeg.edf
141,61,F,right,old,sub-141/ses-1/eeg/sub-141_ses-1_task-EyesClosed_acq-pre_eeg.edf
142,23,F,right,young,sub-142/ses-1/eeg/sub-142_ses-1_task-EyesClosed_acq-pre_eeg.edf
143,29,M,right,young,sub-143/ses-1/eeg/sub-143_ses-1_task-EyesClosed_acq-pre_eeg.edf
144,25,F,right,young,sub-144/ses-1/eeg/sub-144_ses-1_task-EyesClosed_acq-pre_eeg.edf
145,60,M,right,old,sub-145/ses-1/eeg/sub-145_ses-1_task-EyesClosed_acq-pre_eeg.edf
146,33,F,right,young,sub-146/ses-1/eeg/sub-146_ses-1_task-EyesClosed_acq-pre_eeg.edf
148,25,F,right,young,sub-148/ses-1/eeg/sub-148_ses-1_task-EyesClosed_acq-pre_eeg.edf
149,21,F,right,young,sub-149/ses-1/eeg/sub-149_ses-1_task-EyesClosed_acq-pre_eeg.edf
151,53,M,left,old,sub-151/ses-1/eeg/sub-151_ses-1_task-EyesClosed_acq-pre_eeg.edf
152,54,M,right,old,sub-152/ses-1/eeg/sub-152_ses-1_task-EyesClosed_acq-pre_eeg.edf
153,29,F,right,young,sub-153/ses-1/eeg/sub-153_ses-1_task-EyesClosed_acq-pre_eeg.edf
155,62,M,right,old,sub-155/ses-1/eeg/sub-155_ses-1_task-EyesClosed_acq-pre_eeg.edf
156,21,M,right,young,sub-156/ses-1/eeg/sub-156_ses-1_task-EyesClosed_acq-pre_eeg.edf
157,57,F,right,old,sub-157/ses-1/eeg/sub-157_ses-1_task-EyesClosed_acq-pre_eeg.edf
159,29,F,right,young,sub-159/ses-1/eeg/sub-159_ses-1_task-EyesClosed_acq-pre_eeg.edf
160,57,M,right,old,sub-160/ses-1/eeg/sub-160_ses-1_task-EyesClosed_acq-pre_eeg.edf
161,34,F,right,young,sub-161/ses-1/eeg/sub-161_ses-1_task-EyesClosed_acq-pre_eeg.edf
162,53,M,left,old,sub-162/ses-1/eeg/sub-162_ses-1_task-EyesClosed_acq-pre_eeg.edf
163,20,F,right,young,sub-163/ses-1/eeg/sub-163_ses-1_task-EyesClosed_acq-pre_eeg.edf
164,67,F,right,old,sub-164/ses-1/eeg/sub-164_ses-1_task-EyesClosed_acq-pre_eeg.edf
166,57,M,right,old,sub-166/ses-1/eeg/sub-166_ses-1_task-EyesClosed_acq-pre_eeg.edf
167,60,M,right,old,sub-167/ses-1/eeg/sub-167_ses-1_task-EyesClosed_acq-pre_eeg.edf
169,63,F,right,old,sub-169/ses-1/eeg/sub-169_ses-1_task-EyesClosed_acq-pre_eeg.edf
170,59,F,right,old,sub-170/ses-1/eeg/sub-170_ses-1_task-EyesClosed_acq-pre_eeg.edf
171,59,F,right,old,sub-171/ses-1/eeg/sub-171_ses-1_task-EyesClosed_acq-pre_eeg.edf
172,31,F,right,young,sub-172/ses-1/eeg/sub-172_ses-1_task-EyesClosed_acq-pre_eeg.edf
173,33,F,left,young,sub-173/ses-1/eeg/sub-173_ses-1_task-EyesClosed_acq-pre_eeg.edf
174,34,M,right,young,sub-174/ses-1/eeg/sub-174_ses-1_task-EyesClosed_acq-pre_eeg.edf
175,25,F,right,young,sub-175/ses-1/eeg/sub-175_ses-1_task-EyesClosed_acq-pre_eeg.edf
176,62,F,right,old,sub-176/ses-1/eeg/sub-176_ses-1_task-EyesClosed_acq-pre_eeg.edf
178,30,F,right,young,sub-178/ses-1/eeg/sub-178_ses-1_task-EyesClosed_acq-pre_eeg.edf
179,21,F,right,young,sub-179/ses-1/eeg/sub-179_ses-1_task-EyesClosed_acq-pre_eeg.edf
180,33,F,right,young,sub-180/ses-1/eeg/sub-180_ses-1_task-EyesClosed_acq-pre_eeg.edf
182,63,F,right,old,sub-182/ses-1/eeg/sub-182_ses-1_task-EyesClosed_acq-pre_eeg.edf
183,53,F,right,old,sub-183/ses-1/eeg/sub-183_ses-1_task-EyesClosed_acq-pre_eeg.edf
184,29,F,right,young,sub-184/ses-1/eeg/sub-184_ses-1_task-EyesClosed_acq-pre_eeg.edf
185,31,M,right,young,sub-185/ses-1/eeg/sub-185_ses-1_task-EyesClosed_acq-pre_eeg.edf
186,61,F,right,old,sub-186/ses-1/eeg/sub-186_ses-1_task-EyesClosed_acq-pre_eeg.edf
187,20,F,right,young,sub-187/ses-1/eeg/sub-187_ses-1_task-EyesClosed_acq-pre_eeg.edf
189,24,F,right,young,sub-189/ses-1/eeg/sub-189_ses-1_task-EyesClosed_acq-pre_eeg.edf
191,59,F,right,old,sub-191/ses-1/eeg/sub-191_ses-1_task-EyesClosed_acq-pre_eeg.edf
192,26,F,right,young,sub-192/ses-1/eeg/sub-192_ses-1_task-EyesClosed_acq-pre_eeg.edf
193,31,F,right,young,sub-193/ses-1/eeg/sub-193_ses-1_task-EyesClosed_acq-pre_eeg.edf
195,60,F,right,old,sub-195/ses-1/eeg/sub-195_ses-1_task-EyesClosed_acq-pre_eeg.edf
197,57,M,left,old,sub-197/ses-1/eeg/sub-197_ses-1_task-EyesClosed_acq-pre_eeg.edf
199,31,F,right,young,sub-199/ses-1/eeg/sub-199_ses-1_task-EyesClosed_acq-pre_eeg.edf
202,26,M,right,young,sub-202/ses-1/eeg/sub-202_ses-1_task-EyesClosed_acq-pre_eeg.edf
203,67,F,right,old,sub-203/ses-1/eeg/sub-203_ses-1_task-EyesClosed_acq-pre_eeg.edf
204,23,F,right,young,sub-204/ses-1/eeg/sub-204_ses-1_task-EyesClosed_acq-pre_eeg.edf
205,65,F,right,old,sub-205/ses-1/eeg/sub-205_ses-1_task-EyesClosed_acq-pre_eeg.edf
206,33,M,right,young,sub-206/ses-1/eeg/sub-206_ses-1_task-EyesClosed_acq-pre_eeg.edf
207,53,F,right,old,sub-207/ses-1/eeg/sub-207_ses-1_task-EyesClosed_acq-pre_eeg.edf
208,23,M,right,young,sub-208/ses-1/eeg/sub-208_ses-1_task-EyesClosed_acq-pre_eeg.edf
209,20,F,right,young,sub-209/ses-1/eeg/sub-209_ses-1_task-EyesClosed_acq-pre_eeg.edf
211,58,F,left,old,sub-211/ses-1/eeg/sub-211_ses-1_task-EyesClosed_acq-pre_eeg.edf
213,66,M,right,old,sub-213/ses-1/eeg/sub-213_ses-1_task-EyesClosed_acq-pre_eeg.edf
215,56,M,right,old,sub-215/ses-1/eeg/sub-215_ses-1_task-EyesClosed_acq-pre_eeg.edf
218,21,F,right,young,sub-218/ses-1/eeg/sub-218_ses-1_task-EyesClosed_acq-pre_eeg.edf
219,20,M,left,young,sub-219/ses-1/eeg/sub-219_ses-1_task-EyesClosed_acq-pre_eeg.edf
221,24,F,right,young,sub-221/ses-1/eeg/sub-221_ses-1_task-EyesClosed_acq-pre_eeg.edf
222,33,M,right,young,sub-222/ses-1/eeg/sub-222_ses-1_task-EyesClosed_acq-pre_eeg.edf
223,26,F,left,young,sub-223/ses-1/eeg/sub-223_ses-1_task-EyesClosed_acq-pre_eeg.edf
224,22,M,right,young,sub-224/ses-1/eeg/sub-224_ses-1_task-EyesClosed_acq-pre_eeg.edf
226,56,F,right,old,sub-226/ses-1/eeg/sub-226_ses-1_task-EyesClosed_acq-pre_eeg.edf
227,58,M,right,old,sub-227/ses-1/eeg/sub-227_ses-1_task-EyesClosed_acq-pre_eeg.edf
228,58,F,right,old,sub-228/ses-1/eeg/sub-228_ses-1_task-EyesClosed_acq-pre_eeg.edf
230,26,F,right,young,sub-230/ses-1/eeg/sub-230_ses-1_task-EyesClosed_acq-pre_eeg.edf
233,29,F,right,young,sub-233/ses-1/eeg/sub-233_ses-1_task-EyesClosed_acq-pre_eeg.edf
234,68,F,right,old,sub-234/ses-1/eeg/sub-234_ses-1_task-EyesClosed_acq-pre_eeg.edf
235,27,F,right,young,sub-235/ses-1/eeg/sub-235_ses-1_task-EyesClosed_acq-pre_eeg.edf
236,57,F,right,old,sub-236/ses-1/eeg/sub-236_ses-1_task-EyesClosed_acq-pre_eeg.edf
237,26,M,right,young,sub-237/ses-1/eeg/sub-237_ses-1_task-EyesClosed_acq-pre_eeg.edf
240,34,F,right,young,sub-240/ses-1/eeg/sub-240_ses-1_task-EyesClosed_acq-pre_eeg.edf
241,61,F,right,old,sub-241/ses-1/eeg/sub-241_ses-1_task-EyesClosed_acq-pre_eeg.edf
242,59,M,right,old,sub-242/ses-1/eeg/sub-242_ses-1_task-EyesClosed_acq-pre_eeg.edf
243,27,F,left,young,sub-243/ses-1/eeg/sub-243_ses-1_task-EyesClosed_acq-pre_eeg.edf
244,65,F,right,old,sub-244/ses-1/eeg/sub-244_ses-1_task-EyesClosed_acq-pre_eeg.edf
245,56,F,right,old,sub-245/ses-1/eeg/sub-245_ses-1_task-EyesClosed_acq-pre_eeg.edf
246,64,F,right,old,sub-246/ses-1/eeg/sub-246_ses-1_task-EyesClosed_acq-pre_eeg.edf
248,26,F,right,young,sub-248/ses-1/eeg/sub-248_ses-1_task-EyesClosed_acq-pre_eeg.edf
249,53,F,right,old,sub-249/ses-1/eeg/sub-249_ses-1_task-EyesClosed_acq-pre_eeg.edf
250,54,F,right,old,sub-250/ses-1/eeg/sub-250_ses-1_task-EyesClosed_acq-pre_eeg.edf
253,29,M,right,young,sub-253/ses-1/eeg/sub-253_ses-1_task-EyesClosed_acq-pre_eeg.edf
254,52,M,right,old,sub-254/ses-1/eeg/sub-254_ses-1_task-EyesClosed_acq-pre_eeg.edf
255,30,M,right,young,sub-255/ses-1/eeg/sub-255_ses-1_task-EyesClosed_acq-pre_eeg.edf
258,33,M,right,young,sub-258/ses-1/eeg/sub-258_ses-1_task-EyesClosed_acq-pre_eeg.edf
260,32,F,right,young,sub-260/ses-1/eeg/sub-260_ses-1_task-EyesClosed_acq-pre_eeg.edf
261,29,F,right,young,sub-261/ses-1/eeg/sub-261_ses-1_task-EyesClosed_acq-pre_eeg.edf
264,26,F,right,young,sub-264/ses-1/eeg/sub-264_ses-1_task-EyesClosed_acq-pre_eeg.edf
265,62,M,right,old,sub-265/ses-1/eeg/sub-265_ses-1_task-EyesClosed_acq-pre_eeg.edf
267,26,M,right,young,sub-267/ses-1/eeg/sub-267_ses-1_task-EyesClosed_acq-pre_eeg.edf
268,53,F,right,old,sub-268/ses-1/eeg/sub-268_ses-1_task-EyesClosed_acq-pre_eeg.edf
269,52,M,right,old,sub-269/ses-1/eeg/sub-269_ses-1_task-EyesClosed_acq-pre_eeg.edf
271,66,M,right,old,sub-271/ses-1/eeg/sub-271_ses-1_task-EyesClosed_acq-pre_eeg.edf
273,26,F,right,young,sub-273/ses-1/eeg/sub-273_ses-1_task-EyesClosed_acq-pre_eeg.edf
274,26,F,right,young,sub-274/ses-1/eeg/sub-274_ses-1_task-EyesClosed_acq-pre_eeg.edf
275,22,F,right,young,sub-275/ses-1/eeg/sub-275_ses-1_task-EyesClosed_acq-pre_eeg.edf
276,58,F,right,old,sub-276/ses-1/eeg/sub-276_ses-1_task-EyesClosed_acq-pre_eeg.edf
277,32,F,right,young,sub-277/ses-1/eeg/sub-277_ses-1_task-EyesClosed_acq-pre_eeg.edf
278,26,M,left,young,sub-278/ses-1/eeg/sub-278_ses-1_task-EyesClosed_acq-pre_eeg.edf
281,31,M,right,young,sub-281/ses-1/eeg/sub-281_ses-1_task-EyesClosed_acq-pre_eeg.edf
282,52,F,right,old,sub-282/ses-1/eeg/sub-282_ses-1_task-EyesClosed_acq-pre_eeg.edf
283,64,F,right,old,sub-283/ses-1/eeg/sub-283_ses-1_task-EyesClosed_acq-pre_eeg.edf
284,34,F,right,young,sub-284/ses-1/eeg/sub-284_ses-1_task-EyesClosed_acq-pre_eeg.edf
286,54,F,right,old,sub-286/ses-1/eeg/sub-286_ses-1_task-EyesClosed_acq-pre_eeg.edf
287,68,M,right,old,sub-287/ses-1/eeg/sub-287_ses-1_task-EyesClosed_acq-pre_eeg.edf
288,57,F,right,old,sub-288/ses-1/eeg/sub-288_ses-1_task-EyesClosed_acq-pre_eeg.edf
289,24,M,right,young,sub-289/ses-1/eeg/sub-289_ses-1_task-EyesClosed_acq-pre_eeg.edf
290,29,M,right,young,sub-290/ses-1/eeg/sub-290_ses-1_task-EyesClosed_acq-pre_eeg.edf
292,57,F,right,old,sub-292/ses-1/eeg/sub-292_ses-1_task-EyesClosed_acq-pre_eeg.edf
295,65,F,right,old,sub-295/ses-1/eeg/sub-295_ses-1_task-EyesClosed_acq-pre_eeg.edf
296,30,F,right,young,sub-296/ses-1/eeg/sub-296_ses-1_task-EyesClosed_acq-pre_eeg.edf
303,30,F,left,young,sub-303/ses-1/eeg/sub-303_ses-1_task-EyesClosed_acq-pre_eeg.edf
306,54,F,right,old,sub-306/ses-1/eeg/sub-306_ses-1_task-EyesClosed_acq-pre_eeg.edf
308,25,M,right,young,sub-308/ses-1/eeg/sub-308_ses-1_task-EyesClosed_acq-pre_eeg.edf
309,60,M,right,old,sub-309/ses-1/eeg/sub-309_ses-1_task-EyesClosed_acq-pre_eeg.edf
310,52,F,right,old,sub-310/ses-1/eeg/sub-310_ses-1_task-EyesClosed_acq-pre_eeg.edf
312,65,F,right,old,sub-312/ses-1/eeg/sub-312_ses-1_task-EyesClosed_acq-pre_eeg.edf
314,30,F,right,young,sub-314/ses-1/eeg/sub-314_ses-1_task-EyesClosed_acq-pre_eeg.edf
315,57,F,right,old,sub-315/ses-1/eeg/sub-315_ses-1_task-EyesClosed_acq-pre_eeg.edf
316,62,M,right,old,sub-316/ses-1/eeg/sub-316_ses-1_task-EyesClosed_acq-pre_eeg.edf
317,70,F,right,old,sub-317/ses-1/eeg/sub-317_ses-1_task-EyesClosed_acq-pre_eeg.edf
318,67,F,right,old,sub-318/ses-1/eeg/sub-318_ses-1_task-EyesClosed_acq-pre_eeg.edf
320,62,F,left,old,sub-320/ses-1/eeg/sub-320_ses-1_task-EyesClosed_acq-pre_eeg.edf
323,56,M,right,old,sub-323/ses-1/eeg/sub-323_ses-1_task-EyesClosed_acq-pre_eeg.edf
324,27,M,right,young,sub-324/ses-1/eeg/sub-324_ses-1_task-EyesClosed_acq-pre_eeg.edf
325,24,M,right,young,sub-325/ses-1/eeg/sub-325_ses-1_task-EyesClosed_acq-pre_eeg.edf
327,31,M,right,young,sub-327/ses-1/eeg/sub-327_ses-1_task-EyesClosed_acq-pre_eeg.edf
329,68,M,right,old,sub-329/ses-1/eeg/sub-329_ses-1_task-EyesClosed_acq-pre_eeg.edf
330,29,F,right,young,sub-330/ses-1/eeg/sub-330_ses-1_task-EyesClosed_acq-pre_eeg.edf
331,64,F,right,old,sub-331/ses-1/eeg/sub-331_ses-1_task-EyesClosed_acq-pre_eeg.edf
332,27,F,right,young,sub-332/ses-1/eeg/sub-332_ses-1_task-EyesClosed_acq-pre_eeg.edf
334,58,F,right,old,sub-334/ses-1/eeg/sub-334_ses-1_task-EyesClosed_acq-pre_eeg.edf
337,30,M,right,young,sub-337/ses-1/eeg/sub-337_ses-1_task-EyesClosed_acq-pre_eeg.edf
338,30,M,right,young,sub-338/ses-1/eeg/sub-338_ses-1_task-EyesClosed_acq-pre_eeg.edf
339,65,F,left,old,sub-339/ses-1/eeg/sub-339_ses-1_task-EyesClosed_acq-pre_eeg.edf
340,52,F,right,old,sub-340/ses-1/eeg/sub-340_ses-1_task-EyesClosed_acq-pre_eeg.edf
342,26,M,right,young,sub-342/ses-1/eeg/sub-342_ses-1_task-EyesClosed_acq-pre_eeg.edf
343,29,F,right,young,sub-343/ses-1/eeg/sub-343_ses-1_task-EyesClosed_acq-pre_eeg.edf
345,27,F,right,young,sub-345/ses-1/eeg/sub-345_ses-1_task-EyesClosed_acq-pre_eeg.edf
346,60,M,left,old,sub-346/ses-1/eeg/sub-346_ses-1_task-EyesClosed_acq-pre_eeg.edf
347,29,M,right,young,sub-347/ses-1/eeg/sub-347_ses-1_task-EyesClosed_acq-pre_eeg.edf
348,32,F,right,young,sub-348/ses-1/eeg/sub-348_ses-1_task-EyesClosed_acq-pre_eeg.edf
349,65,F,right,old,sub-349/ses-1/eeg/sub-349_ses-1_task-EyesClosed_acq-pre_eeg.edf
352,28,F,right,young,sub-352/ses-1/eeg/sub-352_ses-1_task-EyesClosed_acq-pre_eeg.edf
353,24,F,right,young,sub-353/ses-1/eeg/sub-353_ses-1_task-EyesClosed_acq-pre_eeg.edf
354,25,F,right,young,sub-354/ses-1/eeg/sub-354_ses-1_task-EyesClosed_acq-pre_eeg.edf
355,56,F,right,old,sub-355/ses-1/eeg/sub-355_ses-1_task-EyesClosed_acq-pre_eeg.edf
358,23,F,right,young,sub-358/ses-1/eeg/sub-358_ses-1_task-EyesClosed_acq-pre_eeg.edf
359,70,F,right,old,sub-359/ses-1/eeg/sub-359_ses-1_task-EyesClosed_acq-pre_eeg.edf
360,54,M,right,old,sub-360/ses-1/eeg/sub-360_ses-1_task-EyesClosed_acq-pre_eeg.edf
362,25,M,right,young,sub-362/ses-1/eeg/sub-362_ses-1_task-EyesClosed_acq-pre_eeg.edf
363,23,F,right,young,sub-363/ses-1/eeg/sub-363_ses-1_task-EyesClosed_acq-pre_eeg.edf
364,34,M,left,young,sub-364/ses-1/eeg/sub-364_ses-1_task-EyesClosed_acq-pre_eeg.edf
365,33,M,right,young,sub-365/ses-1/eeg/sub-365_ses-1_task-EyesClosed_acq-pre_eeg.edf
367,24,F,right,young,sub-367/ses-1/eeg/sub-367_ses-1_task-EyesClosed_acq-pre_eeg.edf
368,60,F,right,old,sub-368/ses-1/eeg/sub-368_ses-1_task-EyesClosed_acq-pre_eeg.edf
369,26,F,right,young,sub-369/ses-1/eeg/sub-369_ses-1_task-EyesClosed_acq-pre_eeg.edf
370,66,F,right,old,sub-370/ses-1/eeg/sub-370_ses-1_task-EyesClosed_acq-pre_eeg.edf
371,23,M,right,young,sub-371/ses-1/eeg/sub-371_ses-1_task-EyesClosed_acq-pre_eeg.edf
372,57,M,right,old,sub-372/ses-1/eeg/sub-372_ses-1_task-EyesClosed_acq-pre_eeg.edf
373,32,F,right,young,sub-373/ses-1/eeg/sub-373_ses-1_task-EyesClosed_acq-pre_eeg.edf
374,27,F,right,young,sub-374/ses-1/eeg/sub-374_ses-1_task-EyesClosed_acq-pre_eeg.edf
376,60,M,right,old,sub-376/ses-1/eeg/sub-376_ses-1_task-EyesClosed_acq-pre_eeg.edf
379,56,F,right,old,sub-379/ses-1/eeg/sub-379_ses-1_task-EyesClosed_acq-pre_eeg.edf
380,55,F,right,old,sub-380/ses-1/eeg/sub-380_ses-1_task-EyesClosed_acq-pre_eeg.edf
381,27,M,right,young,sub-381/ses-1/eeg/sub-381_ses-1_task-EyesClosed_acq-pre_eeg.edf
382,64,M,right,old,sub-382/ses-1/eeg/sub-382_ses-1_task-EyesClosed_acq-pre_eeg.edf
384,55,M,right,old,sub-384/ses-1/eeg/sub-384_ses-1_task-EyesClosed_acq-pre_eeg.edf
386,60,M,right,old,sub-386/ses-1/eeg/sub-386_ses-1_task-EyesClosed_acq-pre_eeg.edf
387,20,F,right,young,sub-387/ses-1/eeg/sub-387_ses-1_task-EyesClosed_acq-pre_eeg.edf
388,22,F,right,young,sub-388/ses-1/eeg/sub-388_ses-1_task-EyesClosed_acq-pre_eeg.edf
389,67,M,right,old,sub-389/ses-1/eeg/sub-389_ses-1_task-EyesClosed_acq-pre_eeg.edf
392,26,M,left,young,sub-392/ses-1/eeg/sub-392_ses-1_task-EyesClosed_acq-pre_eeg.edf
393,59,M,right,old,sub-393/ses-1/eeg/sub-393_ses-1_task-EyesClosed_acq-pre_eeg.edf
397,25,F,right,young,sub-397/ses-1/eeg/sub-397_ses-1_task-EyesClosed_acq-pre_eeg.edf
398,53,M,right,old,sub-398/ses-1/eeg/sub-398_ses-1_task-EyesClosed_acq-pre_eeg.edf
399,55,M,right,old,sub-399/ses-1/eeg/sub-399_ses-1_task-EyesClosed_acq-pre_eeg.edf
401,56,M,right,old,sub-401/ses-1/eeg/sub-401_ses-1_task-EyesClosed_acq-pre_eeg.edf
403,60,F,right,old,sub-403/ses-1/eeg/sub-403_ses-1_task-EyesClosed_acq-pre_eeg.edf
405,52,F,right,old,sub-405/ses-1/eeg/sub-405_ses-1_task-EyesClosed_acq-pre_eeg.edf
406,58,F,right,old,sub-406/ses-1/eeg/sub-406_ses-1_task-EyesClosed_acq-pre_eeg.edf
407,20,F,right,young,sub-407/ses-1/eeg/sub-407_ses-1_task-EyesClosed_acq-pre_eeg.edf
408,23,F,right,young,sub-408/ses-1/eeg/sub-408_ses-1_task-EyesClosed_acq-pre_eeg.edf
411,32,F,right,young,sub-411/ses-1/eeg/sub-411_ses-1_task-EyesClosed_acq-pre_eeg.edf
412,68,M,right,old,sub-412/ses-1/eeg/sub-412_ses-1_task-EyesClosed_acq-pre_eeg.edf
414,54,F,right,old,sub-414/ses-1/eeg/sub-414_ses-1_task-EyesClosed_acq-pre_eeg.edf
415,62,F,right,old,sub-415/ses-1/eeg/sub-415_ses-1_task-EyesClosed_acq-pre_eeg.edf
416,28,F,right,young,sub-416/ses-1/eeg/sub-416_ses-1_task-EyesClosed_acq-pre_eeg.edf
417,25,F,right,young,sub-417/ses-1/eeg/sub-417_ses-1_task-EyesClosed_acq-pre_eeg.edf
419,52,F,right,old,sub-419/ses-1/eeg/sub-419_ses-1_task-EyesClosed_acq-pre_eeg.edf
420,53,F,right,old,sub-420/ses-1/eeg/sub-420_ses-1_task-EyesClosed_acq-pre_eeg.edf
422,25,F,right,young,sub-422/ses-1/eeg/sub-422_ses-1_task-EyesClosed_acq-pre_eeg.edf
424,25,M,right,young,sub-424/ses-1/eeg/sub-424_ses-1_task-EyesClosed_acq-pre_eeg.edf
426,30,M,right,young,sub-426/ses-1/eeg/sub-426_ses-1_task-EyesClosed_acq-pre_eeg.edf
427,22,F,right,young,sub-427/ses-1/eeg/sub-427_ses-1_task-EyesClosed_acq-pre_eeg.edf
428,55,F,right,old,sub-428/ses-1/eeg/sub-428_ses-1_task-EyesClosed_acq-pre_eeg.edf
429,24,F,right,young,sub-429/ses-1/eeg/sub-429_ses-1_task-EyesClosed_acq-pre_eeg.edf
431,23,F,right,young,sub-431/ses-1/eeg/sub-431_ses-1_task-EyesClosed_acq-pre_eeg.edf
432,29,M,right,young,sub-432/ses-1/eeg/sub-432_ses-1_task-EyesClosed_acq-pre_eeg.edf
433,67,F,left,old,sub-433/ses-1/eeg/sub-433_ses-1_task-EyesClosed_acq-pre_eeg.edf
436,26,F,right,young,sub-436/ses-1/eeg/sub-436_ses-1_task-EyesClosed_acq-pre_eeg.edf
437,31,M,right,young,sub-437/ses-1/eeg/sub-437_ses-1_task-EyesClosed_acq-pre_eeg.edf
438,70,M,right,old,sub-438/ses-1/eeg/sub-438_ses-1_task-EyesClosed_acq-pre_eeg.edf
439,23,M,right,young,sub-439/ses-1/eeg/sub-439_ses-1_task-EyesClosed_acq-pre_eeg.edf
441,27,F,right,young,sub-441/ses-1/eeg/sub-441_ses-1_task-EyesClosed_acq-pre_eeg.edf
442,63,F,right,old,sub-442/ses-1/eeg/sub-442_ses-1_task-EyesClosed_acq-pre_eeg.edf
443,27,F,right,young,sub-443/ses-1/eeg/sub-443_ses-1_task-EyesClosed_acq-pre_eeg.edf
446,20,F,right,young,sub-446/ses-1/eeg/sub-446_ses-1_task-EyesClosed_acq-pre_eeg.edf
447,61,F,right,old,sub-447/ses-1/eeg/sub-447_ses-1_task-EyesClosed_acq-pre_eeg.edf
448,58,F,right,old,sub-448/ses-1/eeg/sub-448_ses-1_task-EyesClosed_acq-pre_eeg.edf
449,23,M,left,young,sub-449/ses-1/eeg/sub-449_ses-1_task-EyesClosed_acq-pre_eeg.edf
451,27,F,left,young,sub-451/ses-1/eeg/sub-451_ses-1_task-EyesClosed_acq-pre_eeg.edf
453,34,M,right,young,sub-453/ses-1/eeg/sub-453_ses-1_task-EyesClosed_acq-pre_eeg.edf
454,69,M,right,old,sub-454/ses-1/eeg/sub-454_ses-1_task-EyesClosed_acq-pre_eeg.edf
455,63,F,right,old,sub-455/ses-1/eeg/sub-455_ses-1_task-EyesClosed_acq-pre_eeg.edf
456,21,F,right,young,sub-456/ses-1/eeg/sub-456_ses-1_task-EyesClosed_acq-pre_eeg.edf
458,31,M,right,young,sub-458/ses-1/eeg/sub-458_ses-1_task-EyesClosed_acq-pre_eeg.edf
459,32,F,right,young,sub-459/ses-1/eeg/sub-459_ses-1_task-EyesClosed_acq-pre_eeg.edf
460,60,M,right,old,sub-460/ses-1/eeg/sub-460_ses-1_task-EyesClosed_acq-pre_eeg.edf
462,58,M,right,old,sub-462/ses-1/eeg/sub-462_ses-1_task-EyesClosed_acq-pre_eeg.edf
466,59,M,right,old,sub-466/ses-1/eeg/sub-466_ses-1_task-EyesClosed_acq-pre_eeg.edf
467,33,F,right,young,sub-467/ses-1/eeg/sub-467_ses-1_task-EyesClosed_acq-pre_eeg.edf
468,54,F,right,old,sub-468/ses-1/eeg/sub-468_ses-1_task-EyesClosed_acq-pre_eeg.edf
469,32,F,right,young,sub-469/ses-1/eeg/sub-469_ses-1_task-EyesClosed_acq-pre_eeg.edf
470,70,M,right,old,sub-470/ses-1/eeg/sub-470_ses-1_task-EyesClosed_acq-pre_eeg.edf
471,29,M,right,young,sub-471/ses-1/eeg/sub-471_ses-1_task-EyesClosed_acq-pre_eeg.edf
473,62,M,right,old,sub-473/ses-1/eeg/sub-473_ses-1_task-EyesClosed_acq-pre_eeg.edf
474,29,M,right,young,sub-474/ses-1/eeg/sub-474_ses-1_task-EyesClosed_acq-pre_eeg.edf
476,52,F,right,old,sub-476/ses-1/eeg/sub-476_ses-1_task-EyesClosed_acq-pre_eeg.edf
480,57,F,right,old,sub-480/ses-1/eeg/sub-480_ses-1_task-EyesClosed_acq-pre_eeg.edf
481,70,F,right,old,sub-481/ses-1/eeg/sub-481_ses-1_task-EyesClosed_acq-pre_eeg.edf
482,32,F,right,young,sub-482/ses-1/eeg/sub-482_ses-1_task-EyesClosed_acq-pre_eeg.edf
483,30,M,right,young,sub-483/ses-1/eeg/sub-483_ses-1_task-EyesClosed_acq-pre_eeg.edf
484,53,F,right,old,sub-484/ses-1/eeg/sub-484_ses-1_task-EyesClosed_acq-pre_eeg.edf
486,69,M,right,old,sub-486/ses-1/eeg/sub-486_ses-1_task-EyesClosed_acq-pre_eeg.edf
487,55,M,right,old,sub-487/ses-1/eeg/sub-487_ses-1_task-EyesClosed_acq-pre_eeg.edf
488,25,F,right,young,sub-488/ses-1/eeg/sub-488_ses-1_task-EyesClosed_acq-pre_eeg.edf
489,58,F,right,old,sub-489/ses-1/eeg/sub-489_ses-1_task-EyesClosed_acq-pre_eeg.edf
490,56,M,right,old,sub-490/ses-1/eeg/sub-490_ses-1_task-EyesClosed_acq-pre_eeg.edf
492,29,F,right,young,sub-492/ses-1/eeg/sub-492_ses-1_task-EyesClosed_acq-pre_eeg.edf
493,24,F,right,young,sub-493/ses-1/eeg/sub-493_ses-1_task-EyesClosed_acq-pre_eeg.edf
494,59,M,right,old,sub-494/ses-1/eeg/sub-494_ses-1_task-EyesClosed_acq-pre_eeg.edf
496,33,F,right,young,sub-496/ses-1/eeg/sub-496_ses-1_task-EyesClosed_acq-pre_eeg.edf
497,29,M,right,young,sub-497/ses-1/eeg/sub-497_ses-1_task-EyesClosed_acq-pre_eeg.edf
498,56,F,right,old,sub-498/ses-1/eeg/sub-498_ses-1_task-EyesClosed_acq-pre_eeg.edf
499,58,F,right,old,sub-499/ses-1/eeg/sub-499_ses-1_task-EyesClosed_acq-pre_eeg.edf
500,32,M,right,young,sub-500/ses-1/eeg/sub-500_ses-1_task-EyesClosed_acq-pre_eeg.edf
505,62,F,right,old,sub-505/ses-1/eeg/sub-505_ses-1_task-EyesClosed_acq-pre_eeg.edf
506,30,M,right,young,sub-506/ses-1/eeg/sub-506_ses-1_task-EyesClosed_acq-pre_eeg.edf
507,57,F,right,old,sub-507/ses-1/eeg/sub-507_ses-1_task-EyesClosed_acq-pre_eeg.edf
508,54,F,right,old,sub-508/ses-1/eeg/sub-508_ses-1_task-EyesClosed_acq-pre_eeg.edf
509,69,M,right,old,sub-509/ses-1/eeg/sub-509_ses-1_task-EyesClosed_acq-pre_eeg.edf
510,52,F,right,old,sub-510/ses-1/eeg/sub-510_ses-1_task-EyesClosed_acq-pre_eeg.edf
511,66,M,right,old,sub-511/ses-1/eeg/sub-511_ses-1_task-EyesClosed_acq-pre_eeg.edf
513,58,F,right,old,sub-513/ses-1/eeg/sub-513_ses-1_task-EyesClosed_acq-pre_eeg.edf
515,26,F,right,young,sub-515/ses-1/eeg/sub-515_ses-1_task-EyesClosed_acq-pre_eeg.edf
516,30,M,right,young,sub-516/ses-1/eeg/sub-516_ses-1_task-EyesClosed_acq-pre_eeg.edf
517,66,M,left,old,sub-517/ses-1/eeg/sub-517_ses-1_task-EyesClosed_acq-pre_eeg.edf
520,70,M,right,old,sub-520/ses-1/eeg/sub-520_ses-1_task-EyesClosed_acq-pre_eeg.edf
522,24,F,right,young,sub-522/ses-1/eeg/sub-522_ses-1_task-EyesClosed_acq-pre_eeg.edf
523,62,F,right,old,sub-523/ses-1/eeg/sub-523_ses-1_task-EyesClosed_acq-pre_eeg.edf
526,28,M,left,young,sub-526/ses-1/eeg/sub-526_ses-1_task-EyesClosed_acq-pre_eeg.edf
527,52,M,right,old,sub-527/ses-1/eeg/sub-527_ses-1_task-EyesClosed_acq-pre_eeg.edf
528,56,M,right,old,sub-528/ses-1/eeg/sub-528_ses-1_task-EyesClosed_acq-pre_eeg.edf
529,20,M,right,young,sub-529/ses-1/eeg/sub-529_ses-1_task-EyesClosed_acq-pre_eeg.edf
530,26,F,right,young,sub-530/ses-1/eeg/sub-530_ses-1_task-EyesClosed_acq-pre_eeg.edf
532,30,F,right,young,sub-532/ses-1/eeg/sub-532_ses-1_task-EyesClosed_acq-pre_eeg.edf
535,31,F,right,young,sub-535/ses-1/eeg/sub-535_ses-1_task-EyesClosed_acq-pre_eeg.edf
536,24,F,right,young,sub-536/ses-1/eeg/sub-536_ses-1_task-EyesClosed_acq-pre_eeg.edf
537,61,M,right,old,sub-537/ses-1/eeg/sub-537_ses-1_task-EyesClosed_acq-pre_eeg.edf
539,27,F,right,young,sub-539/ses-1/eeg/sub-539_ses-1_task-EyesClosed_acq-pre_eeg.edf
540,32,F,right,young,sub-540/ses-1/eeg/sub-540_ses-1_task-EyesClosed_acq-pre_eeg.edf
542,25,F,right,young,sub-542/ses-1/eeg/sub-542_ses-1_task-EyesClosed_acq-pre_eeg.edf
543,57,M,right,old,sub-543/ses-1/eeg/sub-543_ses-1_task-EyesClosed_acq-pre_eeg.edf
544,32,F,right,young,sub-544/ses-1/eeg/sub-544_ses-1_task-EyesClosed_acq-pre_eeg.edf
546,53,F,right,old,sub-546/ses-1/eeg/sub-546_ses-1_task-EyesClosed_acq-pre_eeg.edf
547,53,F,right,old,sub-547/ses-1/eeg/sub-547_ses-1_task-EyesClosed_acq-pre_eeg.edf
549,53,M,right,old,sub-549/ses-1/eeg/sub-549_ses-1_task-EyesClosed_acq-pre_eeg.edf
550,63,M,right,old,sub-550/ses-1/eeg/sub-550_ses-1_task-EyesClosed_acq-pre_eeg.edf
551,62,F,right,old,sub-551/ses-1/eeg/sub-551_ses-1_task-EyesClosed_acq-pre_eeg.edf
552,53,F,right,old,sub-552/ses-1/eeg/sub-552_ses-1_task-EyesClosed_acq-pre_eeg.edf
553,23,F,right,young,sub-553/ses-1/eeg/sub-553_ses-1_task-EyesClosed_acq-pre_eeg.edf
554,29,F,right,young,sub-554/ses-1/eeg/sub-554_ses-1_task-EyesClosed_acq-pre_eeg.edf
555,70,F,right,old,sub-555/ses-1/eeg/sub-555_ses-1_task-EyesClosed_acq-pre_eeg.edf
556,60,M,right,old,sub-556/ses-1/eeg/sub-556_ses-1_task-EyesClosed_acq-pre_eeg.edf
557,64,M,right,old,sub-557/ses-1/eeg/sub-557_ses-1_task-EyesClosed_acq-pre_eeg.edf
558,70,M,right,old,sub-558/ses-1/eeg/sub-558_ses-1_task-EyesClosed_acq-pre_eeg.edf
559,61,M,right,old,sub-559/ses-1/eeg/sub-559_ses-1_task-EyesClosed_acq-pre_eeg.edf
560,27,F,right,young,sub-560/ses-1/eeg/sub-560_ses-1_task-EyesClosed_acq-pre_eeg.edf
562,31,M,right,young,sub-562/ses-1/eeg/sub-562_ses-1_task-EyesClosed_acq-pre_eeg.edf
563,70,M,right,old,sub-563/ses-1/eeg/sub-563_ses-1_task-EyesClosed_acq-pre_eeg.edf
565,28,F,right,young,sub-565/ses-1/eeg/sub-565_ses-1_task-EyesClosed_acq-pre_eeg.edf
566,64,M,right,old,sub-566/ses-1/eeg/sub-566_ses-1_task-EyesClosed_acq-pre_eeg.edf
567,52,F,right,old,sub-567/ses-1/eeg/sub-567_ses-1_task-EyesClosed_acq-pre_eeg.edf
568,54,F,right,old,sub-568/ses-1/eeg/sub-568_ses-1_task-EyesClosed_acq-pre_eeg.edf
569,26,F,right,young,sub-569/ses-1/eeg/sub-569_ses-1_task-EyesClosed_acq-pre_eeg.edf
571,61,M,right,old,sub-571/ses-1/eeg/sub-571_ses-1_task-EyesClosed_acq-pre_eeg.edf
573,30,F,right,young,sub-573/ses-1/eeg/sub-573_ses-1_task-EyesClosed_acq-pre_eeg.edf
576,54,M,right,old,sub-576/ses-1/eeg/sub-576_ses-1_task-EyesClosed_acq-pre_eeg.edf
578,24,M,right,young,sub-578/ses-1/eeg/sub-578_ses-1_task-EyesClosed_acq-pre_eeg.edf
579,24,F,right,young,sub-579/ses-1/eeg/sub-579_ses-1_task-EyesClosed_acq-pre_eeg.edf
580,20,F,right,young,sub-580/ses-1/eeg/sub-580_ses-1_task-EyesClosed_acq-pre_eeg.edf
582,58,F,right,old,sub-582/ses-1/eeg/sub-582_ses-1_task-EyesClosed_acq-pre_eeg.edf
583,64,M,left,old,sub-583/ses-1/eeg/sub-583_ses-1_task-EyesClosed_acq-pre_eeg.edf
584,28,F,right,young,sub-584/ses-1/eeg/sub-584_ses-1_task-EyesClosed_acq-pre_eeg.edf
587,69,M,right,old,sub-587/ses-1/eeg/sub-587_ses-1_task-EyesClosed_acq-pre_eeg.edf
589,31,F,right,young,sub-589/ses-1/eeg/sub-589_ses-1_task-EyesClosed_acq-pre_eeg.edf
590,28,M,right,young,sub-590/ses-1/eeg/sub-590_ses-1_task-EyesClosed_acq-pre_eeg.edf
592,68,M,right,old,sub-592/ses-1/eeg/sub-592_ses-1_task-EyesClosed_acq-pre_eeg.edf
593,26,F,right,young,sub-593/ses-1/eeg/sub-593_ses-1_task-EyesClosed_acq-pre_eeg.edf
594,24,F,left,young,sub-594/ses-1/eeg/sub-594_ses-1_task-EyesClosed_acq-pre_eeg.edf
595,65,M,right,old,sub-595/ses-1/eeg/sub-595_ses-1_task-EyesClosed_acq-pre_eeg.edf
597,31,F,right,young,sub-597/ses-1/eeg/sub-597_ses-1_task-EyesClosed_acq-pre_eeg.edf
598,33,M,right,young,sub-598/ses-1/eeg/sub-598_ses-1_task-EyesClosed_acq-pre_eeg.edf
599,67,F,right,old,sub-599/ses-1/eeg/sub-599_ses-1_task-EyesClosed_acq-pre_eeg.edf
602,63,F,right,old,sub-602/ses-1/eeg/sub-602_ses-1_task-EyesClosed_acq-pre_eeg.edf
603,55,M,right,old,sub-603/ses-1/eeg/sub-603_ses-1_task-EyesClosed_acq-pre_eeg.edf
604,29,M,right,young,sub-604/ses-1/eeg/sub-604_ses-1_task-EyesClosed_acq-pre_eeg.edf
606,61,F,right,old,sub-606/ses-1/eeg/sub-606_ses-1_task-EyesClosed_acq-pre_eeg.edf
607,66,M,right,old,sub-607/ses-1/eeg/sub-607_ses-1_task-EyesClosed_acq-pre_eeg.edf
608,25,F,right,young,sub-608/ses-1/eeg/sub-608_ses-1_task-EyesClosed_acq-pre_eeg.edf
