subject,n_epochs_kept
001,34
002,32
004,34
006,40
007,37
010,39
012,45
014,40
015,40
016,46
018,40
020,46
021,41
022,38
023,40
025,8
026,16
030,35
031,42
032,40
033,42
036,40
037,19
039,26
041,29
042,28
044,42
047,42
048,44
049,48
050,48
051,46
052,44
054,39
056,40
057,44
058,45
059,43
062,37
063,44
066,31
067,41
070,43
071,39
072,40
074,41
075,49
076,42
077,44
079,0
080,13
082,43
083,35
084,16
085,38
086,40
089,40
090,44
091,43
093,45
095,38
096,41
097,43
098,45
099,40
100,41
102,44
103,41
104,2
105,20
106,44
108,43
110,19
111,43
112,4
114,38
115,1
117,45
118,44
119,43
120,39
121,33
124,41
125,42
126,33
128,36
130,44
131,29
132,43
133,34
134,19
135,43
136,32
139,42
141,44
142,43
143,45
144,43
145,43
146,38
148,22
149,41
151,40
152,33
153,44
155,43
156,31
157,47
159,43
160,49
161,35
162,41
163,42
164,34
166,42
167,39
169,31
170,40
171,37
172,42
173,38
174,47
175,45
176,44
178,41
179,33
180,44
182,44
183,44
184,47
185,2
186,45
187,41
189,39
191,44
192,7
193,42
195,42
197,44
199,43
202,32
203,29
204,44
205,5
206,34
207,45
208,35
209,45
211,33
213,45
215,36
218,45
219,41
221,40
222,35
223,45
224,43
226,46
227,44
228,43
230,2
233,44
234,44
235,44
236,38
237,39
240,41
241,42
242,46
243,45
244,37
245,45
246,42
248,17
249,42
250,36
253,44
254,44
255,22
258,40
260,39
261,43
264,39
265,44
267,41
268,37
269,42
271,45
273,30
274,31
275,43
276,30
277,44
278,44
281,42
282,34
283,35
284,10
286,42
287,43
288,44
289,17
290,44
292,42
295,30
296,34
303,40
306,13
308,44
309,24
310,43
312,42
314,42
315,44
316,29
317,46
318,31
320,44
323,42
324,37
325,40
327,43
329,36
330,51
331,38
332,17
334,42
337,42
338,39
339,38
340,43
342,30
343,31
345,42
346,40
347,43
348,55
349,44
352,34
353,4
354,44
355,44
358,36
359,41
360,38
362,31
363,28
364,44
365,23
367,44
368,39
369,41
370,49
371,40
372,44
373,15
374,42
376,33
379,35
380,44
381,9
382,49
384,39
386,33
387,41
388,22
389,44
392,43
393,43
397,44
398,46
399,43
401,43
403,28
405,45
406,45
407,44
408,41
411,40
412,45
414,44
415,38
416,41
417,33
419,45
420,29
422,42
424,44
426,42
427,22
428,41
429,43
431,37
432,27
433,45
436,39
437,44
438,43
439,43
441,45
442,43
443,39
446,45
447,23
448,45
449,38
451,35
453,42
454,44
455,44
456,38
458,43
459,45
460,36
462,42
466,36
467,41
468,39
469,44
470,37
471,44
473,51
474,40
476,44
480,44
481,37
482,44
483,18
484,35
486,41
487,45
488,42
489,42
490,22
492,36
493,41
494,37
496,44
497,39
498,44
499,42
500,38
505,41
506,33
507,42
508,36
509,38
510,44
511,40
513,45
515,11
516,43
517,47
520,31
522,41
523,44
526,15
527,43
528,42
529,24
530,48
532,37
535,38
536,37
537,43
539,37
540,20
542,37
543,45
544,25
546,42
547,44
549,42
550,43
551,44
552,37
553,44
554,37
555,44
556,65
557,41
558,40
559,42
560,23
562,43
563,43
565,55
566,42
567,44
568,44
569,41
571,43
573,29
576,42
578,37
579,44
580,43
582,45
583,42
584,44
587,42
589,44
590,40
592,42
593,44
594,42
595,43
597,43
598,36
599,46
602,47
603,44
604,18
606,44
607,44
608,32
